{
  "api_adjust_factor": {
    "sample_size": 20,
    "error_count": 0,
    "total_time": 2.404349399963394,
    "mean": 0.1202174699981697,
    "median": 0.03986805002205074,
    "stdev": 0.1756886893042805,
    "min": 0.0295744999893941,
    "max": 0.7220152000081725,
    "throughput": 8.318258569367872
  },
  "api_daily_k": {
    "sample_size": 20,
    "error_count": 0,
    "total_rows": 374,
    "total_time": 2.567089699965436,
    "mean": 0.1283544849982718,
    "median": 0.0633038500091061,
    "stdev": 0.136022978527171,
    "min": 0.031929499993566424,
    "max": 0.42235720000462607,
    "throughput": 7.79092370643273,
    "rows_per_second": 145.69027331029204
  },
  "api_stock_basic": {
    "sample_size": 5,
    "error_count": 0,
    "total_rows": 8716,
    "total_time": 46.0681533999159,
    "mean": 9.21363067998318,
    "median": 8.846252999966964,
    "stdev": 1.2070034330639012,
    "min": 8.448250099958386,
    "max": 11.3492394000059
  },
  "api_trade_dates": {
    "sample_size": 5,
    "error_count": 0,
    "total_rows": 1827,
    "total_time": 2.367094300047029,
    "mean": 0.47341886000940575,
    "median": 0.6473446000018157,
    "stdev": 0.2622527295946704,
    "min": 0.1558470000163652,
    "max": 0.673015000007581
  }
}