{
  "thread_pool_write": {
    "concurrent_writes": [
      [
        1,
        5.5781362999696285,
        8.96356727609403
      ],
      [
        2,
        6.331697100016754,
        7.896776995202075
      ],
      [
        4,
        5.653626100043766,
        8.843881628396497
      ],
      [
        8,
        5.959704099979717,
        8.389678272813942
      ],
      [
        16,
        6.201456000038888,
        8.062622713067134
      ]
    ]
  },
  "thread_pool_read": {
    "concurrent_reads": [
      [
        1,
        0.07783012001309544,
        128.48496184147515
      ],
      [
        2,
        0.0545267799985595,
        183.39612205716497
      ],
      [
        4,
        0.05121963999699801,
        195.23760808522084
      ],
      [
        8,
        0.0638768799835816,
        156.55116534449272
      ],
      [
        16,
        0.06559747999999672,
        152.44488050456357
      ]
    ]
  },
  "mixed_operations": {
    "mixed_operations": [
      [
        1,
        1.069675599981565,
        18.697257374427053
      ],
      [
        2,
        0.7859554000315256,
        25.44673654408097
      ],
      [
        4,
        0.9174612000351772,
        21.799286988085342
      ],
      [
        8,
        1.0591331000323407,
        18.883367916071453
      ]
    ]
  },
  "lock_contention": {
    "lock_contention": [
      [
        1,
        1.5311800999916159
      ],
      [
        2,
        1.4667398000019602
      ],
      [
        4,
        1.3168392999796197
      ],
      [
        8,
        1.2045139000401832
      ],
      [
        16,
        1.0199065000051633
      ]
    ]
  },
  "sequential_vs_parallel": {
    "sequential_time": 2.0667840999667533,
    "parallel_time_4_workers": 2.5348079000250436,
    "speedup": 0.8153612350452015
  }
}