{
  "clean_dataframe": {
    "clean_times": [
      [
        1000,
        0.10344400000758469
      ],
      [
        10000,
        0.12357360002351925
      ],
      [
        100000,
        0.1436402999679558
      ],
      [
        500000,
        0.11896779999369755
      ]
    ]
  },
  "adjust_calculation": {
    "adjust_times": [
      [
        1000,
        0.0823007999570109
      ],
      [
        10000,
        0.06091639999067411
      ],
      [
        100000,
        0.08275020000291988
      ],
      [
        500000,
        0.05474419996608049
      ]
    ]
  },
  "merge_operations": {
    "merge_times": [
      [
        1000,
        0.13434719998622313
      ],
      [
        10000,
        0.263614299998153
      ],
      [
        100000,
        0.15941590000875294
      ]
    ]
  },
  "sorting_operations": {
    "sort_times": [
      [
        1000,
        0.006705200008582324
      ],
      [
        10000,
        0.007930199964903295
      ],
      [
        100000,
        0.0055890000076033175
      ],
      [
        500000,
        0.006691300019156188
      ]
    ]
  },
  "deduplication_operations": {
    "dedup_times": [
      [
        1000,
        0.002081100014038384
      ],
      [
        10000,
        0.006102300016209483
      ],
      [
        100000,
        0.007012200017925352
      ]
    ]
  },
  "type_conversion": {
    "conversion_times": [
      [
        1000,
        0.005845300038345158
      ],
      [
        10000,
        0.007063199998810887
      ],
      [
        100000,
        0.010129000002052635
      ],
      [
        500000,
        0.008217599999625236
      ]
    ]
  },
  "dataframe_copy": {
    "copy_times": [
      [
        1000,
        0.00020070001482963562
      ],
      [
        10000,
        0.00020940002286806703
      ],
      [
        100000,
        0.002125800005160272
      ],
      [
        500000,
        0.0005754000158049166
      ]
    ]
  },
  "merge_asof_operations": {
    "merge_asof_times": [
      [
        1000,
        0.005730199976824224
      ],
      [
        10000,
        0.007597399991936982
      ],
      [
        100000,
        0.004147400031797588
      ]
    ]
  }
}