{
  "parquet_write": {
    "write_times": [
      [
        100,
        0.24920359998941422
      ],
      [
        1000,
        0.18922280002152547
      ],
      [
        10000,
        0.13551140000345185
      ],
      [
        50000,
        0.2612217999994755
      ]
    ]
  },
  "parquet_read": {
    "iterations": 100,
    "total_time": 1.2282447999459691,
    "mean": 0.01228244799945969,
    "median": 0.01052314997650683,
    "stdev": 0.007229875014792273,
    "min": 0.0053391000255942345,
    "max": 0.05739039997570217,
    "throughput": 81.41699440078968
  },
  "adjust_factor_write": {
    "write_times": [
      [
        10,
        0.027983699983451515
      ],
      [
        50,
        0.03342250001151115
      ],
      [
        100,
        0.02978149999398738
      ],
      [
        500,
        0.03637290000915527
      ]
    ]
  },
  "adjust_factor_read": {
    "iterations": 100,
    "total_time": 1.12916469987249,
    "mean": 0.0112916469987249,
    "median": 0.010900549998041242,
    "stdev": 0.0022920221564272708,
    "min": 0.0076478999690152705,
    "max": 0.018074599967803806,
    "throughput": 88.56103986539114
  },
  "metadata_operations": {
    "iterations": 50,
    "write_mean": 0.05711078800726682,
    "write_median": 0.045546700013801455,
    "write_total": 2.855539400363341,
    "read_mean": 0.018588235998759046,
    "read_median": 0.01699250002275221,
    "read_total": 0.9294117999379523
  },
  "batch_writes": {
    "batch_write_times": [
      [
        10,
        1.06933010002831
      ],
      [
        50,
        5.431989400007296
      ],
      [
        100,
        10.497853800014127
      ]
    ]
  },
  "atomic_write_overhead": {
    "iterations": 10,
    "rows": 1000,
    "mean": 0.08461805999395437,
    "median": 0.08395639999071136,
    "stdev": 0.005087087449990123,
    "min": 0.07871589995920658,
    "max": 0.0949665000080131
  }
}